question,date,volatility_label_1d,volatility_label_3d,volatility_label_5d
25% steel tariff in effect before May?,2025-03-11T14:27:38Z,0,0,0
25% aluminum tariff in effect before May?,2025-03-11T14:27:38Z,0,0,0
Will Trump lower automobile tariffs on Canada/Mexico by next Friday?,2025-03-06T17:39:16Z,0,0,0
Trump announces cutting all military aid to Ukraine aid before April?,2025-03-06T12:45:09Z,0,0,0
Trump announces cutting all military aid to Ukraine aid before April?,2025-03-05T16:15:02Z,0,0,0
Trump announces cutting all military aid to Ukraine aid before April?,2025-03-04T22:30:03Z,0,0,0
Trump announces cutting all military aid to Ukraine aid before April?,2025-03-04T13:15:04Z,0,1,1
Trump announces cutting all military aid to Ukraine aid before April?,2025-03-04T12:00:43Z,0,1,1
Trump announces cutting all military aid to Ukraine aid before April?,2025-03-04T10:30:22Z,0,1,1
Trump announces cutting all military aid to Ukraine aid before April?,2025-03-04T02:00:16Z,0,1,1
Trump announces cutting all military aid to Ukraine aid before April?,2025-03-04T00:11:12Z,0,1,1
Trump tariffs on Mexico in effect by May 1?,2025-03-03T01:30:04Z,0,1,1
Will Trump increase tariffs on China before May?,2025-03-03T01:30:04Z,0,1,1
Will FBI send Pam Bondi the full Epstein files by Friday?,2025-02-28T10:15:05Z,0,1,1
Will FBI send Pam Bondi the full Epstein files by Friday?,2025-02-28T10:15:05Z,0,1,1
Will Trump meet with Zelenskyy before July?,2025-02-26T13:15:08Z,0,0,0
Will Trump meet with Volodymyr Zelenskyy in 2025?,2025-02-26T13:15:08Z,0,0,0
Will Trump meet with Volodymyr Zelenskyy in his first 100 days?,2025-02-26T13:15:08Z,0,0,0
Trump declassifies Epstein list in first 100 days?,2025-02-22T17:00:26Z,0,1,1
Will Trump halt NYC congestion pricing before April?,2025-02-21T19:00:42Z,0,0,1
Will Trump halt NYC congestion pricing before April?,2025-02-20T14:30:04Z,0,0,0
Will Trump list the Sinaloa Cartel as a terrorist organization before April?,2025-02-19T16:15:06Z,0,1,0
Will Trump list the Tren de Aragua as a terrorist organization before April?,2025-02-19T16:15:06Z,0,0,0
Will Trump list the Gulf Cartel as a terrorist organization before April?,2025-02-19T16:15:06Z,0,1,0
Will fewer than 50k federal employees accept the buyout?,2025-02-13T21:00:08Z,0,1,1
Will 100-150k federal employees accept the buyout?,2025-02-13T21:00:08Z,0,1,1
Will 50-100k federal employees accept the buyout?,2025-02-13T21:00:08Z,0,0,0
Will 500k or more federal employees accept the buyout?,2025-02-13T21:00:08Z,0,0,1
Will 150-200k federal employees accept the buyout?,2025-02-13T21:00:08Z,0,1,1
Will 300-350k federal employees accept the buyout?,2025-02-13T21:00:08Z,0,1,1
Will 200-250k federal employees accept the buyout?,2025-02-13T21:00:08Z,0,1,1
Will 250-300k federal employees accept the buyout?,2025-02-13T21:00:08Z,0,1,1
Will 350-400k federal employees accept the buyout?,2025-02-13T21:00:08Z,0,1,1
Will 450-500k federal employees accept the buyout?,2025-02-13T21:00:08Z,0,0,0
Will 400-450k federal employees accept the buyout?,2025-02-13T21:00:08Z,0,1,1
Will Tulsi Gabbard be Trump’s Director of National Intelligence?,2025-02-11T12:45:06Z,0,0,0
Will Mitch McConnell vote to confirm Tulsi Gabbard Jr. as Director of National Intelligence?,2025-02-11T12:45:06Z,0,1,1
Will Cynthia Lummis vote to confirm Tulsi Gabbard Jr. as Director of National Intelligence?,2025-02-11T12:45:06Z,0,0,0
Will Bill Cassidy vote to confirm Tulsi Gabbard Jr. as Director of National Intelligence?,2025-02-11T12:45:06Z,0,0,0
Will Joni Ernst vote to confirm Tulsi Gabbard Jr. as Director of National Intelligence?,2025-02-11T12:45:06Z,0,0,0
Tulsi Gabbard confirmed as Director of National Intelligence?,2025-02-11T12:45:06Z,0,0,0
Will John Fetterman vote to confirm Tulsi Gabbard Jr. as Director of National Intelligence?,2025-02-11T12:45:06Z,0,1,1
Will Susan Collins vote to confirm Tulsi Gabbard Jr. as Director of National Intelligence?,2025-02-11T12:45:06Z,0,0,0
Will Lisa Murkowski  vote to confirm Tulsi Gabbard Jr. as Director of National Intelligence?,2025-02-11T12:45:06Z,0,1,1
Will John Curtis vote to confirm Tulsi Gabbard Jr. as Director of National Intelligence?,2025-02-11T12:45:06Z,0,1,1
Will fewer than 50k federal employees accept the buyout?,2025-02-11T09:45:04Z,0,1,1
Will 500k or more federal employees accept the buyout?,2025-02-11T09:45:04Z,0,1,1
Will 50-100k federal employees accept the buyout?,2025-02-11T09:45:04Z,0,1,1
Will 450-500k federal employees accept the buyout?,2025-02-11T09:45:04Z,0,1,1
Will 100-150k federal employees accept the buyout?,2025-02-11T09:45:04Z,0,1,1
Will 150-200k federal employees accept the buyout?,2025-02-11T09:45:04Z,0,1,1
Will 200-250k federal employees accept the buyout?,2025-02-11T09:45:04Z,0,1,1
Will 350-400k federal employees accept the buyout?,2025-02-11T09:45:04Z,0,1,1
Will 400-450k federal employees accept the buyout?,2025-02-11T09:45:04Z,0,1,1
Will 250-300k federal employees accept the buyout?,2025-02-11T09:45:04Z,0,1,1
Will 300-350k federal employees accept the buyout?,2025-02-11T09:45:04Z,0,1,1
Will Stephen Miller be Trump’s Director of National Intelligence?,2025-02-08T09:45:00Z,0,0,0
Elon Musk out as Head of DOGE before July?,2025-02-07T21:30:08Z,0,1,1
Will 500k or more federal employees accept the buyout?,2025-02-07T20:00:18Z,0,1,1
Will 100-150k federal employees accept the buyout?,2025-02-07T20:00:18Z,0,1,1
Will fewer than 50k federal employees accept the buyout?,2025-02-07T20:00:18Z,0,1,1
Will 50-100k federal employees accept the buyout?,2025-02-07T20:00:18Z,0,1,1
Will 150-200k federal employees accept the buyout?,2025-02-07T20:00:18Z,0,1,1
Will 300-350k federal employees accept the buyout?,2025-02-07T20:00:18Z,0,1,1
Will 250-300k federal employees accept the buyout?,2025-02-07T20:00:18Z,0,1,1
Will 350-400k federal employees accept the buyout?,2025-02-07T20:00:18Z,0,1,1
Will 450-500k federal employees accept the buyout?,2025-02-07T20:00:18Z,0,1,1
Will 200-250k federal employees accept the buyout?,2025-02-07T20:00:18Z,0,1,1
Will fewer than 50k federal employees accept the buyout?,2025-02-07T03:00:01Z,0,1,1
Will 300-350k federal employees accept the buyout?,2025-02-07T03:00:01Z,0,1,1
Will 50-100k federal employees accept the buyout?,2025-02-07T03:00:01Z,0,1,1
Will 150-200k federal employees accept the buyout?,2025-02-07T03:00:01Z,0,1,1
Will 200-250k federal employees accept the buyout?,2025-02-07T03:00:01Z,0,1,1
Will 250-300k federal employees accept the buyout?,2025-02-07T03:00:01Z,0,1,1
Will 350-400k federal employees accept the buyout?,2025-02-07T03:00:01Z,0,1,1
Will 100-150k federal employees accept the buyout?,2025-02-07T03:00:01Z,0,1,1
Will 500k or more federal employees accept the buyout?,2025-02-07T03:00:01Z,0,1,1
Will 450-500k federal employees accept the buyout?,2025-02-07T03:00:01Z,0,1,1
Will 400-450k federal employees accept the buyout?,2025-02-07T03:00:01Z,0,1,1
Will 300-350k federal employees accept the buyout?,2025-02-06T18:45:06Z,0,1,1
Will 350-400k federal employees accept the buyout?,2025-02-06T18:45:06Z,0,1,1
Will fewer than 50k federal employees accept the buyout?,2025-02-06T18:45:06Z,0,1,1
Will 500k or more federal employees accept the buyout?,2025-02-06T18:45:06Z,0,1,1
Will 100-150k federal employees accept the buyout?,2025-02-06T18:45:06Z,0,1,1
Will 250-300k federal employees accept the buyout?,2025-02-06T18:45:06Z,0,1,1
Will 150-200k federal employees accept the buyout?,2025-02-06T18:45:06Z,0,1,1
Will 50-100k federal employees accept the buyout?,2025-02-06T18:45:06Z,0,1,1
Will 450-500k federal employees accept the buyout?,2025-02-06T18:45:06Z,0,1,1
Will 400-450k federal employees accept the buyout?,2025-02-06T18:45:06Z,0,1,1
Will 200-250k federal employees accept the buyout?,2025-02-06T18:45:06Z,0,1,1
Will Tulsi Gabbard be Trump’s Director of National Intelligence?,2025-02-06T10:00:14Z,0,0,0
Tulsi Gabbard confirmed as Director of National Intelligence?,2025-02-06T10:00:14Z,0,0,0
Will Joni Ernst vote to confirm Tulsi Gabbard Jr. as Director of National Intelligence?,2025-02-06T10:00:14Z,0,0,0
Will John Fetterman vote to confirm Tulsi Gabbard Jr. as Director of National Intelligence?,2025-02-06T10:00:14Z,0,1,1
Will Susan Collins vote to confirm Tulsi Gabbard Jr. as Director of National Intelligence?,2025-02-06T10:00:14Z,0,0,0
Will Bill Cassidy vote to confirm Tulsi Gabbard Jr. as Director of National Intelligence?,2025-02-06T10:00:14Z,0,0,0
Will John Curtis vote to confirm Tulsi Gabbard Jr. as Director of National Intelligence?,2025-02-06T10:00:14Z,0,1,1
Will Cynthia Lummis vote to confirm Tulsi Gabbard Jr. as Director of National Intelligence?,2025-02-06T10:00:14Z,0,0,0
Will Mitch McConnell vote to confirm Tulsi Gabbard Jr. as Director of National Intelligence?,2025-02-06T10:00:14Z,0,1,1
Will Ezra Cohen-Watnick be Trump’s Director of National Intelligence?,2025-02-06T10:00:14Z,0,1,1
Will Lisa Murkowski  vote to confirm Tulsi Gabbard Jr. as Director of National Intelligence?,2025-02-06T10:00:14Z,0,1,1
Will Chris Stewart be Trump’s Director of National Intelligence?,2025-02-06T10:00:14Z,0,1,1
Will Douglas Macgregor be Trump’s Director of National Intelligence?,2025-02-06T10:00:14Z,0,1,1
Trump transgender sports ban?,2025-02-05T21:17:37Z,0,0,0
Will Trump say 'Elon' or 'Musk' during the 2025 State of the Union?,2025-02-05T10:00:30Z,0,0,0
Will fewer than 50k federal employees accept the buyout?,2025-02-05T02:30:36Z,0,1,1
Will 100-150k federal employees accept the buyout?,2025-02-05T02:30:36Z,0,1,1
Will 150-200k federal employees accept the buyout?,2025-02-05T02:30:36Z,0,1,1
Will 500k or more federal employees accept the buyout?,2025-02-05T02:30:36Z,0,1,1
Will 250-300k federal employees accept the buyout?,2025-02-05T02:30:36Z,0,1,1
Will 300-350k federal employees accept the buyout?,2025-02-05T02:30:36Z,0,1,1
Will 50-100k federal employees accept the buyout?,2025-02-05T02:30:36Z,0,1,1
Will Trump designate cartels as terrorists before March?,2025-02-04T19:15:00Z,0,1,1
Will Trump remove tariff on Mexico before March?,2025-02-03T20:45:00Z,0,1,1
Will Trump remove tariff on Canada before March?,2025-02-03T20:45:00Z,0,1,1
Will Trump remove tariff on Mexico before March?,2025-02-03T17:45:00Z,0,1,1
Will Trump remove tariff on Mexico before March?,2025-02-03T17:00:48Z,0,1,1
Will Trump remove tariff on Canada before March?,2025-02-03T15:45:04Z,0,1,1
Will Trump remove tariff on Mexico before March?,2025-02-03T13:01:05Z,0,1,1
Will Trump increase tariffs on China before May?,2025-02-03T13:01:05Z,0,1,1
Will Trump remove tariff on China before March?,2025-02-03T13:01:05Z,0,1,1
Will Trump remove tariff on Canada before March?,2025-02-03T13:01:05Z,0,1,1
Will Andrew Bailey be Trump's FBI director?,2025-02-03T11:00:01Z,0,1,1
Will Trump remove tariff on Mexico before March?,2025-02-03T01:00:29Z,0,1,1
Will Trump meet with Benjamin Netanyahu in his first 100 days?,2025-02-02T20:30:06Z,0,0,0
Will Trump list the Jalisco New Generation Cartel (CJNG) as a terrorist organization before April?,2025-02-02T05:15:00Z,0,1,1
Will Trump designate cartels as terrorists before March?,2025-02-02T05:15:00Z,0,1,1
Will Trump list the Gulf Cartel as a terrorist organization before April?,2025-02-02T05:15:00Z,0,1,1
Will Trump meet with Benjamin Netanyahu in his first 100 days?,2025-02-01T19:30:02Z,0,0,0
Will Tulsi Gabbard be Trump’s Director of National Intelligence?,2025-01-31T23:01:01Z,0,1,1
Tulsi Gabbard confirmed as Director of National Intelligence?,2025-01-31T23:01:01Z,0,1,1
Will Bill Cassidy vote to confirm Tulsi Gabbard Jr. as Director of National Intelligence?,2025-01-31T23:01:01Z,0,1,1
Will Mitch McConnell vote to confirm Tulsi Gabbard Jr. as Director of National Intelligence?,2025-01-31T23:01:01Z,0,1,1
Will Cynthia Lummis vote to confirm Tulsi Gabbard Jr. as Director of National Intelligence?,2025-01-31T23:01:01Z,0,1,1
Will John Fetterman vote to confirm Tulsi Gabbard Jr. as Director of National Intelligence?,2025-01-31T23:01:01Z,0,1,1
Will Joni Ernst vote to confirm Tulsi Gabbard Jr. as Director of National Intelligence?,2025-01-31T23:01:01Z,0,1,1
Will Susan Collins vote to confirm Tulsi Gabbard Jr. as Director of National Intelligence?,2025-01-31T23:01:01Z,0,1,1
Will John Curtis vote to confirm Tulsi Gabbard Jr. as Director of National Intelligence?,2025-01-31T23:01:01Z,0,1,1
Will Lisa Murkowski  vote to confirm Tulsi Gabbard Jr. as Director of National Intelligence?,2025-01-31T23:01:01Z,0,1,1
Trump imposes 25% tariff on Canada and Mexico before March?,2025-01-31T22:00:54Z,0,1,1
Will Trump impose tariffs on Mexico before March?,2025-01-31T22:00:54Z,0,1,0
Will Trump impose tariffs on Canada before March?,2025-01-31T22:00:54Z,0,1,0
Will Trump impose tariffs on China before March?,2025-01-31T22:00:54Z,0,1,1
Will Tulsi Gabbard be Trump’s Director of National Intelligence?,2025-01-31T16:15:00Z,0,1,1
Tulsi Gabbard confirmed as Director of National Intelligence?,2025-01-31T16:15:00Z,0,1,1
Will Bill Cassidy vote to confirm Tulsi Gabbard Jr. as Director of National Intelligence?,2025-01-31T16:15:00Z,0,1,1
Will Mitch McConnell vote to confirm Tulsi Gabbard Jr. as Director of National Intelligence?,2025-01-31T16:15:00Z,0,1,1
Will Joni Ernst vote to confirm Tulsi Gabbard Jr. as Director of National Intelligence?,2025-01-31T16:15:00Z,0,1,1
Will Cynthia Lummis vote to confirm Tulsi Gabbard Jr. as Director of National Intelligence?,2025-01-31T16:15:00Z,0,1,1
Kash Patel confirmed as Director of the FBI?,2025-01-31T16:15:00Z,0,0,0
Will Kash Patel be Trump's FBI director?,2025-01-31T01:45:03Z,0,0,0
Will Devin Nunes be Trump’s Director of National Intelligence?,2025-01-31T01:45:03Z,0,1,1
Kash Patel confirmed as Director of the FBI?,2025-01-31T01:45:03Z,0,0,0
Will Andrew Bailey be Trump's FBI director?,2025-01-31T01:45:03Z,0,1,1
Will Mike Rogers be Trump's FBI director?,2025-01-31T01:45:03Z,0,1,1
Will Ric Grenell be Trump’s Director of National Intelligence?,2025-01-31T01:45:03Z,0,1,1
Will Stephen Miller be Trump’s Director of National Intelligence?,2025-01-31T01:45:03Z,0,1,1
Will Ken Paxton be Trump's FBI director?,2025-01-31T01:45:03Z,0,1,1
Kash Patel confirmed as Director of the FBI?,2025-01-30T15:55:56Z,0,1,0
Will Kash Patel be Trump's FBI director?,2025-01-30T15:55:56Z,0,1,1
RFK Jr. confirmed as Health & Human Services Secretary?,2025-01-30T07:30:10Z,0,1,1
RFK Jr. confirmed as Health & Human Services Secretary?,2025-01-30T01:00:38Z,0,1,1
Will RFK Jr. be Trump's HHS Secretary?,2025-01-30T01:00:38Z,0,1,0
Will Tom Cotton be Trump's Defense Secretary?,2025-01-24T19:00:13Z,0,1,1
Will Pete Hegseth be Trump's Defense Secretary?,2025-01-24T19:00:13Z,0,0,0
Will Ron DeSantis be Trump's Defense Secretary?,2025-01-24T19:00:13Z,0,1,1
Birthright citizenship ban blocked in January?,2025-01-23T20:30:03Z,0,1,1
One Trump Cabinet confirmation in January?,2025-01-23T01:30:32Z,0,1,1
Ten or more Trump Cabinet confirmations in January?,2025-01-23T01:30:32Z,0,1,1
Eight Trump Cabinet confirmations in January?,2025-01-23T01:30:32Z,0,1,1
Seven Trump Cabinet confirmations in January?,2025-01-23T01:30:32Z,0,1,1
Two Trump Cabinet confirmations in January?,2025-01-23T01:30:32Z,0,1,1
Three Trump Cabinet confirmations in January?,2025-01-23T01:30:32Z,0,1,1
Four Trump Cabinet confirmations in January?,2025-01-23T01:30:32Z,0,1,1
Five Trump Cabinet confirmations in January?,2025-01-23T01:30:32Z,0,1,1
Six Trump Cabinet confirmations in January?,2025-01-23T01:30:32Z,0,1,1
Nine Trump Cabinet confirmations in January?,2025-01-23T01:30:32Z,0,1,1
Will Trump withdraw from Paris climate agreement in first 100 days?,2025-01-21T20:30:00Z,0,1,0
Will Trump issue 10-14 executive orders on Day 1?,2025-01-20T18:45:00Z,0,1,1
Will Trump issue less than 10 executive orders on Day 1?,2025-01-20T18:45:00Z,0,1,1
Will Trump issue 15-19 executive orders on Day 1?,2025-01-20T18:45:00Z,0,1,1
Will Trump issue 20-24 executive orders on Day 1?,2025-01-20T18:45:00Z,0,1,1
Will Trump issue 25-29 executive orders on Day 1?,2025-01-20T18:45:00Z,0,1,1
Will Trump issue 40 or more executive orders on Day 1?,2025-01-20T18:45:00Z,0,1,1
Will Donald Trump issue 100 or more executive orders in his first week?,2025-01-20T18:45:00Z,0,1,1
Will Donald Trump issue less than 25 executive orders in his first week?,2025-01-20T11:30:07Z,0,1,1
Will Donald Trump issue 50-74 executive orders in his first week?,2025-01-20T11:30:07Z,0,1,1
Seven Trump Cabinet confirmations in January?,2025-01-17T00:15:02Z,0,1,1
Five Trump Cabinet confirmations in January?,2025-01-17T00:15:02Z,0,1,1
Eight Trump Cabinet confirmations in January?,2025-01-17T00:15:02Z,0,1,1
Two Trump Cabinet confirmations in January?,2025-01-17T00:15:02Z,0,1,1
Four Trump Cabinet confirmations in January?,2025-01-17T00:15:02Z,0,1,1
Three Trump Cabinet confirmations in January?,2025-01-17T00:15:02Z,0,1,1
Nine Trump Cabinet confirmations in January?,2025-01-17T00:15:02Z,0,1,1
Pam Bondi confirmed as Attorney General?,2025-01-16T20:30:00Z,0,0,0
Will Pam Bondi be Trump's Attorney General?,2025-01-16T20:30:00Z,0,0,0
Marco Rubio confirmed as Secretary of State?,2025-01-16T16:02:15Z,0,0,0
Pam Bondi confirmed as Attorney General?,2025-01-16T12:00:17Z,0,0,0
Will Pam Bondi be Trump's Attorney General?,2025-01-16T12:00:17Z,0,0,0
Will Mike Lee be Trump's Attorney General?,2025-01-16T06:00:18Z,0,1,1
Pam Bondi confirmed as Attorney General?,2025-01-15T22:15:02Z,0,0,0
Will Pam Bondi be Trump's Attorney General?,2025-01-15T22:15:02Z,0,0,0
One Trump Cabinet confirmation in January?,2025-01-15T20:45:00Z,0,1,1
Seven Trump Cabinet confirmations in January?,2025-01-15T20:45:00Z,0,1,1
Four Trump Cabinet confirmations in January?,2025-01-15T20:45:00Z,0,1,1
Five Trump Cabinet confirmations in January?,2025-01-15T20:45:00Z,0,1,1
Three Trump Cabinet confirmations in January?,2025-01-15T20:45:00Z,0,1,1
Two Trump Cabinet confirmations in January?,2025-01-15T20:45:00Z,0,1,1
Nine Trump Cabinet confirmations in January?,2025-01-15T20:45:00Z,0,1,1
Pete Hegseth confirmed as Secretary of Defense?,2025-01-15T03:45:04Z,0,1,0
Will Mitch McConnell vote to confirm Pete Hegseth as Secretary of Defense?,2025-01-15T03:45:04Z,0,1,1
Will Pete Hegseth be Trump's Defense Secretary?,2025-01-15T03:45:04Z,0,1,1
Will Susan Collins vote to confirm Pete Hegseth as Secretary of Defense?,2025-01-15T03:45:04Z,0,1,1
Will John Fetterman vote to confirm Pete Hegseth as Secretary of Defense?,2025-01-15T03:45:04Z,0,1,1
Pete Hegseth confirmed as Secretary of Defense?,2025-01-15T02:15:01Z,0,1,0
Will Pete Hegseth be Trump's Defense Secretary?,2025-01-15T02:15:01Z,0,1,1
Will John Curtis vote to confirm Pete Hegseth as Secretary of Defense?,2025-01-15T02:15:01Z,0,1,1
Will Susan Collins vote to confirm Pete Hegseth as Secretary of Defense?,2025-01-15T02:15:01Z,0,1,1
Will Mitch McConnell vote to confirm Pete Hegseth as Secretary of Defense?,2025-01-15T02:15:01Z,0,1,1
Pete Hegseth confirmed as Secretary of Defense?,2025-01-15T01:30:12Z,0,1,0
Will Pete Hegseth be Trump's Defense Secretary?,2025-01-15T01:30:12Z,0,1,1
Will John Fetterman vote to confirm Pete Hegseth as Secretary of Defense?,2025-01-15T01:30:12Z,0,1,1
Will Mitch McConnell vote to confirm Pete Hegseth as Secretary of Defense?,2025-01-15T01:30:12Z,0,1,1
Will Susan Collins vote to confirm Pete Hegseth as Secretary of Defense?,2025-01-15T01:30:12Z,0,1,1
Will John Curtis vote to confirm Pete Hegseth as Secretary of Defense?,2025-01-15T01:30:12Z,0,1,1
Will Lisa Murkowski vote to confirm Pete Hegseth as Secretary of Defense?,2025-01-15T01:30:12Z,0,1,1
Will Mike Rogers be Trump's Defense Secretary?,2025-01-15T01:30:12Z,0,1,1
Will Tom Cotton be Trump's Defense Secretary?,2025-01-15T01:30:12Z,0,1,1
Will Pete Hegseth be Trump's Defense Secretary?,2025-01-14T22:45:00Z,0,1,1
Pete Hegseth confirmed as Secretary of Defense?,2025-01-14T22:45:00Z,0,1,0
Will Mike Rogers be Trump's Defense Secretary?,2025-01-14T22:45:00Z,0,1,1
Will Ron DeSantis be Trump's Defense Secretary?,2025-01-14T22:45:00Z,0,1,1
Will Robert O'Brien be Trump's Defense Secretary?,2025-01-14T15:30:02Z,0,1,1
Will Christopher Miller be Trump's Defense Secretary?,2025-01-14T15:30:02Z,0,1,1
Will Mike Rogers be Trump's Defense Secretary?,2025-01-14T15:30:02Z,0,1,1
Will Mike Pompeo be Trump's Defense Secretary?,2025-01-14T15:30:02Z,0,1,1
Will Mike Gallagher be Trump's Defense Secretary?,2025-01-14T15:30:02Z,0,1,1
Will Ron DeSantis be Trump's Defense Secretary?,2025-01-14T15:30:02Z,0,1,1
Will Pete Hegseth be Trump's Defense Secretary?,2025-01-14T14:45:00Z,0,0,0
Pete Hegseth confirmed as Secretary of Defense?,2025-01-14T14:45:00Z,0,1,0
Will Mike Rogers be Trump's Defense Secretary?,2025-01-14T14:45:00Z,0,1,1
Will Robert O'Brien be Trump's Defense Secretary?,2025-01-14T14:45:00Z,0,1,1
Will Thomas Massie be Trump's Defense Secretary?,2025-01-14T14:45:00Z,0,1,1
Will Tom Cotton be Trump's Defense Secretary?,2025-01-14T14:45:00Z,0,1,1
Will Ron DeSantis be Trump's Defense Secretary?,2025-01-14T14:45:00Z,0,1,1
Will Joni Ernst be Trump's Defense Secretary?,2025-01-14T14:45:00Z,0,1,1
Will Christopher Miller be Trump's Defense Secretary?,2025-01-14T14:45:00Z,0,1,1
Will Mike Pompeo be Trump's Defense Secretary?,2025-01-14T14:45:00Z,0,1,1
Will Biden pardon Trump?,2025-01-13T17:00:03Z,0,1,1
Will Biden issue more pardons than Trump?,2025-01-13T17:00:03Z,0,1,1
Will Joe Biden attend presidential inauguration?,2025-01-13T17:00:03Z,0,0,0
Will Joe Biden attend presidential inauguration?,2025-01-13T10:00:29Z,0,0,0
Will Jay Clayton be Trump's Attorney General?,2025-01-10T16:00:14Z,0,0,0
Will Todd Blanche be Trump's Attorney General?,2025-01-10T16:00:14Z,0,0,0
Will Matthew Whitaker be Trump's Attorney General?,2025-01-10T16:00:14Z,0,1,1
Will Trump withdraw from Paris climate agreement in first 100 days?,2025-01-05T09:30:12Z,0,0,0
Will Robert O'Brien be Trump's Defense Secretary?,2025-01-05T04:30:34Z,0,1,1
Trump sentenced to prison in NY case before inauguration?,2025-01-04T16:15:01Z,0,1,1
Trump sentenced to prison in NY case before inauguration?,2025-01-03T21:45:00Z,0,1,1
Will Joe Biden attend presidential inauguration?,2024-12-31T00:00:44Z,0,0,0
Trump deportation executive order on Day 1?,2024-12-30T22:00:36Z,0,1,0
Trump deportation executive order in first 100 days?,2024-12-30T22:00:36Z,0,0,0
Trump deportation executive order on Day 1?,2024-12-27T18:00:38Z,0,1,1
Trump deportation executive order in first 100 days?,2024-12-27T18:00:38Z,0,1,0
Will Mike Pompeo be Trump's Defense Secretary?,2024-12-26T20:30:05Z,0,1,1
One Trump Cabinet confirmation in January?,2024-12-22T22:45:00Z,0,1,1
Nine Trump Cabinet confirmations in January?,2024-12-22T22:45:00Z,0,1,1
No Trump Cabinet confirmations in January?,2024-12-22T22:45:00Z,0,1,1
Five Trump Cabinet confirmations in January?,2024-12-22T22:45:00Z,0,0,0
Debt ceiling abolished before Trump inauguration?,2024-12-21T05:15:06Z,0,1,1
Trump nominates Elon Musk to Cabinet?,2024-12-20T17:15:01Z,0,1,1
Will Elon Musk attend presidential inauguration?,2024-12-20T17:15:01Z,0,0,0
Trump nominates Elon Musk to Cabinet?,2024-12-19T23:45:02Z,0,1,1
Will Elon Musk attend presidential inauguration?,2024-12-19T23:45:02Z,0,0,0
Trump nominates Elon Musk to Cabinet?,2024-12-18T21:30:07Z,0,1,1
Will Joe Biden attend presidential inauguration?,2024-12-18T12:30:22Z,0,0,0
Trudeau resigns before February?,2024-12-18T05:45:00Z,0,1,1
Will Biden issue more pardons than Trump?,2024-12-18T03:45:00Z,0,1,1
Will Biden pardon Trump?,2024-12-18T03:45:00Z,0,1,1
Will Michelle Obama attend presidential inauguration?,2024-12-18T02:15:00Z,0,0,0
Will Trump formally nominate RFK Jr. to the cabinet?,2024-12-17T13:15:00Z,0,0,0
RFK Jr. confirmed as Health & Human Services Secretary?,2024-12-13T22:45:00Z,0,0,0
Will Biden pardon Trump?,2024-12-12T13:00:27Z,0,1,1
Will Trump remove FBI director Christopher Wray?,2024-12-12T04:00:10Z,0,1,1
Will Trump remove FBI director Christopher Wray?,2024-12-11T19:11:44Z,0,1,1
Pete Hegseth confirmed as Secretary of Defense?,2024-12-11T08:00:19Z,0,1,0
Will Pete Hegseth be Trump's Defense Secretary?,2024-12-11T08:00:19Z,0,0,1
Will Mike Rogers be Trump's Defense Secretary?,2024-12-11T08:00:19Z,0,1,1
Will Robert O'Brien be Trump's Defense Secretary?,2024-12-11T08:00:19Z,0,1,1
Pete Hegseth confirmed as Secretary of Defense?,2024-12-10T04:45:00Z,0,1,1
Will Pete Hegseth be Trump's Defense Secretary?,2024-12-10T04:45:00Z,0,0,0
Will Biden pardon Trump?,2024-12-09T19:15:00Z,0,1,1
Will Trump pardon Ross Ulbricht in his first 100 days?,2024-12-09T02:00:22Z,0,0,1
Will Biden pardon Trump?,2024-12-09T01:45:02Z,0,1,1
Will Biden pardon Trump?,2024-12-07T22:00:20Z,0,1,1
Pete Hegseth confirmed as Secretary of Defense?,2024-12-07T16:00:07Z,0,1,1
Will Pete Hegseth be Trump's Defense Secretary?,2024-12-07T16:00:07Z,0,1,1
Will Mike Rogers be Trump's Defense Secretary?,2024-12-07T16:00:07Z,0,1,1
Will Mike Pompeo be Trump's Defense Secretary?,2024-12-07T16:00:07Z,0,1,1
Will Biden pardon Trump?,2024-12-07T00:15:03Z,0,1,1
Will Biden pardon Trump?,2024-12-05T23:30:09Z,0,1,1
Will Biden pardon Trump?,2024-12-05T19:45:00Z,0,1,1
Will Biden pardon Trump?,2024-12-05T00:00:03Z,0,1,1
Will Pete Hegseth be Trump's Defense Secretary?,2024-12-04T14:45:02Z,0,1,1
Pete Hegseth confirmed as Secretary of Defense?,2024-12-04T14:45:02Z,0,1,1
Will Biden pardon Trump?,2024-12-04T11:45:11Z,0,1,1
Will Biden pardon Trump?,2024-12-04T09:30:01Z,0,1,1
Will Biden pardon Trump?,2024-12-03T20:00:32Z,0,1,1
Will Biden pardon Trump?,2024-12-03T17:00:19Z,0,1,1
Will Trump impose 25% tariff on Mexico or Canada before February?,2024-12-03T13:15:01Z,0,1,1
Will Biden pardon Trump?,2024-12-03T12:30:41Z,0,1,1
Will Biden pardon Trump?,2024-12-03T01:00:21Z,0,1,1
Will Kash Patel be Trump's FBI director?,2024-12-03T00:15:00Z,0,1,1
Kash Patel confirmed as Director of the FBI?,2024-12-03T00:15:00Z,0,0,0
Will Biden pardon Trump?,2024-12-02T18:45:01Z,0,1,1
Will Biden pardon Trump?,2024-12-02T16:30:11Z,0,1,1
Will Pam Bondi be Trump's Attorney General?,2024-12-02T15:45:01Z,0,0,0
Pam Bondi confirmed as Attorney General?,2024-12-02T15:45:01Z,0,0,0
Will Biden pardon Trump?,2024-12-02T15:00:09Z,0,1,1
Will Trump impose 25% tariff on Mexico or Canada before February?,2024-12-02T14:15:03Z,0,0,1
Will Biden pardon Trump?,2024-12-02T13:30:05Z,0,1,1
Will Biden pardon Trump?,2024-12-02T12:45:00Z,0,1,1
Will Biden pardon Trump?,2024-12-02T05:30:16Z,0,1,1
Will Biden pardon Trump?,2024-12-02T04:00:27Z,0,1,1
Will Biden pardon Trump?,2024-12-02T01:45:00Z,0,1,1
Will Biden pardon Trump?,2024-12-02T01:00:39Z,0,1,1
Will Trump impose 25% tariff on Mexico or Canada before February?,2024-12-01T20:30:02Z,0,1,1
Tulsi Gabbard confirmed as Director of National Intelligence?,2024-11-28T05:00:37Z,0,1,1
Will Biden pardon Trump?,2024-11-26T03:15:06Z,0,1,1
Will Pam Bondi be Trump's Attorney General?,2024-11-24T21:15:00Z,0,0,0
Pam Bondi confirmed as Attorney General?,2024-11-24T21:15:00Z,0,0,0
Will Pam Bondi be Trump's Attorney General?,2024-11-23T20:15:00Z,0,0,0
Pam Bondi confirmed as Attorney General?,2024-11-23T20:15:00Z,0,0,0
Will Matt Gaetz be Trump's Attorney General?,2024-11-23T03:30:19Z,0,1,1
Will Robert Giuffra be Trump's Attorney General?,2024-11-23T03:30:19Z,0,1,1
Pam Bondi confirmed as Attorney General?,2024-11-23T03:30:19Z,0,0,0
Will Trump nominate Scott Bessent for Treasury Secretary?,2024-11-22T23:36:50Z,0,0,0
Will Matt Gaetz be Trump's Attorney General?,2024-11-22T09:45:00Z,0,1,1
Will Matt Gaetz be Trump's Attorney General?,2024-11-21T22:00:35Z,0,1,1
Trump nominates Elon Musk to Cabinet?,2024-11-19T21:14:25Z,0,1,1
Will Brian Blase be Trump's HHS Secretary?,2024-11-18T15:15:08Z,0,1,1
Will Mike Davis be Trump's Attorney General?,2024-11-18T11:00:55Z,0,1,1
Will Mike Lee be Trump's Attorney General?,2024-11-18T11:00:55Z,0,1,1
Will Trump formally nominate RFK Jr. to the cabinet?,2024-11-18T02:45:00Z,0,0,1
"Will Trump nominate Robert F. Kennedy, Jr. for Agriculture Secretary?",2024-11-17T16:30:08Z,0,1,1
RFK Jr. confirmed as Health & Human Services Secretary?,2024-11-17T16:30:08Z,0,1,1
Will Trump nominate Scott Bessent for Treasury Secretary?,2024-11-16T21:41:13Z,0,1,1
Will Trump nominate Doug Burgum for Energy Secretary?,2024-11-16T21:41:13Z,0,0,0
Will Trump nominate Mark Menezes for Energy Secretary?,2024-11-16T21:41:13Z,0,0,0
Will Trump nominate Dan Brouillette for Energy Secretary?,2024-11-16T21:41:13Z,0,0,0
Will Brian Blase be Trump's HHS Secretary?,2024-11-16T21:41:13Z,0,1,1
Trump wins and picks Dimon for Treasury Secretary?,2024-11-16T21:41:13Z,0,1,1
Will Trump nominate Robert Lighthizer for Treasury Secretary?,2024-11-16T21:41:13Z,0,1,1
Will Paul Mango be Trump's HHS Secretary?,2024-11-16T21:41:13Z,0,1,1
Will Ben Carson be Trump's HHS Secretary?,2024-11-16T21:41:13Z,0,1,1
Will Bobby Jindal be Trump's HHS Secretary?,2024-11-16T21:41:13Z,0,1,1
Will Trump nominate Howard Lutnick for Treasury Secretary?,2024-11-16T21:41:13Z,0,1,1
Will Trump nominate Tim Scott for HUD Secretary?,2024-11-16T21:41:13Z,0,1,1
Will Trump nominate Paul Dabbar for Energy Secretary?,2024-11-16T21:41:13Z,0,0,0
Will RFK Jr. be Trump's HHS Secretary?,2024-11-16T21:41:13Z,0,0,0
Trump nominates Elon Musk to Cabinet?,2024-11-16T21:41:13Z,0,1,1
Will Trump nominate Robert Lighthizer for Commerce Secretary?,2024-11-16T21:41:13Z,0,1,1
Will Joe Grogan be Trump's HHS Secretary?,2024-11-16T21:41:13Z,0,1,1
Will Trump nominate RFK for FDA Commissioner?,2024-11-15T20:45:00Z,0,1,1
Will Trump formally nominate RFK Jr. to the cabinet?,2024-11-15T20:45:00Z,0,1,1
"Will Trump nominate Robert F. Kennedy, Jr. for Agriculture Secretary?",2024-11-15T20:45:00Z,0,1,1
Will RFK Jr. be Trump's HHS Secretary?,2024-11-15T20:45:00Z,0,1,1
Will Trump formally nominate RFK Jr. to the cabinet?,2024-11-15T15:30:15Z,0,1,1
Will RFK Jr. be Trump's HHS Secretary?,2024-11-15T15:30:15Z,0,1,1
Will Trump nominate RFK for FDA Commissioner?,2024-11-15T15:30:15Z,0,1,1
"Will Trump nominate Robert F. Kennedy, Jr. for Agriculture Secretary?",2024-11-15T15:30:15Z,0,1,1
Will RFK Jr. be Trump's HHS Secretary?,2024-11-15T13:15:01Z,0,1,1
Will Trump nominate RFK for FDA Commissioner?,2024-11-15T13:15:01Z,0,1,1
Will Trump formally nominate RFK Jr. to the cabinet?,2024-11-15T13:15:01Z,0,1,1
"Will Trump nominate Robert F. Kennedy, Jr. for Agriculture Secretary?",2024-11-15T11:45:06Z,0,1,1
Will RFK Jr. be Trump's HHS Secretary?,2024-11-15T11:00:01Z,0,1,1
Will Trump formally nominate RFK Jr. to the cabinet?,2024-11-15T11:00:01Z,0,1,1
Will Trump nominate RFK for FDA Commissioner?,2024-11-15T11:00:01Z,0,1,1
Will Matt Gaetz be Trump's Attorney General?,2024-11-15T06:30:01Z,0,1,1
Matt Gaetz confirmed as Attorney General?,2024-11-15T06:30:01Z,0,1,1
Will Ken Paxton be Trump's Attorney General?,2024-11-15T06:30:01Z,0,1,1
Will RFK Jr. be Trump's HHS Secretary?,2024-11-15T03:15:02Z,0,1,1
Will Trump formally nominate RFK Jr. to the cabinet?,2024-11-15T03:15:02Z,0,1,1
Will Matt Gaetz be Trump's Attorney General?,2024-11-15T01:00:30Z,0,1,1
Matt Gaetz confirmed as Attorney General?,2024-11-15T01:00:30Z,0,1,1
Trump nominates RFK Jr. to Cabinet?,2024-11-14T22:44:10Z,0,0,0
"Will Trump nominate Robert F. Kennedy, Jr. for Agriculture Secretary?",2024-11-14T21:28:23Z,0,1,1
Trump nominates RFK Jr. to Cabinet?,2024-11-14T21:28:23Z,0,0,0
Will Trump nominate RFK Jr. for HHS Secretary?,2024-11-14T21:28:23Z,0,0,0
Matt Gaetz confirmed as Attorney General?,2024-11-14T18:30:02Z,0,1,1
Will Joe Biden attend presidential inauguration?,2024-11-14T14:01:01Z,0,0,0
Will Trump nominate Mike Davis for Attorney General?,2024-11-14T11:45:01Z,0,1,1
Will Trump nominate Chad Mizelle for Homeland Security Secretary?,2024-11-14T05:00:25Z,0,1,1
Will Trump nominate Tulsi Gabbard for Homeland Security Secretary?,2024-11-14T02:15:00Z,0,1,1
Trump nominates Tulsi Gabbard to Cabinet?,2024-11-14T02:15:00Z,0,1,0
Will Trump nominate Tulsi Gabbard for Secretary of Veterans Affairs?,2024-11-14T02:15:00Z,0,1,1
Pete Hegseth confirmed as Secretary of Defense?,2024-11-14T00:45:00Z,0,1,1
Trump nominates Elon Musk to Cabinet?,2024-11-14T00:00:02Z,0,1,1
Will Trump nominate Will Levi for Attorney General?,2024-11-13T21:00:07Z,0,1,1
Will Trump nominate Marco Rubio for Secretary of State?,2024-11-13T20:40:45Z,0,1,1
Will Trump nominate Tulsi Gabbard for Homeland Security Secretary?,2024-11-13T20:19:44Z,0,1,1
Will Trump nominate Tulsi Gabbard for Secretary of Veterans Affairs?,2024-11-13T20:19:44Z,0,1,1
Trump nominates Tulsi Gabbard to Cabinet?,2024-11-13T20:19:44Z,0,1,1
Will Joe Biden attend presidential inauguration?,2024-11-13T19:45:27Z,0,0,0
Will Trump nominate Thomas Homan for Homeland Security Secretary?,2024-11-13T19:15:01Z,0,1,1
Will Trump nominate Thomas Homan for Homeland Security Secretary?,2024-11-13T04:30:19Z,0,1,1
Will Trump nominate  David M. Friedman for Israeli Ambassador?,2024-11-13T03:30:05Z,0,1,1
Will Trump nominate Howard Lutnick for Israeli Ambassador?,2024-11-13T03:30:05Z,0,1,1
Will Trump nominate Peter Deutsch for Israeli Ambassador?,2024-11-13T03:30:05Z,0,1,1
Will Trump nominate Miriam Adelson for Israeli Ambassador?,2024-11-13T03:30:05Z,0,1,1
Will Trump nominate Mark Morgan for Homeland Security Secretary?,2024-11-13T03:00:34Z,0,1,1
Will Trump nominate Chad Mizelle for Homeland Security Secretary?,2024-11-13T03:00:34Z,0,1,1
Will Trump nominate John Ratcliffe for Attorney General?,2024-11-13T02:00:07Z,0,1,1
Will Trump nominate Tom Cotton for Defense Secretary?,2024-11-13T00:29:48Z,0,1,1
Will Trump nominate Thomas Homan for Homeland Security Secretary?,2024-11-12T14:45:03Z,0,1,1
Will Trump nominate Mark Morgan for Homeland Security Secretary?,2024-11-12T14:45:03Z,0,1,1
Will Trump nominate Chad Mizelle for Homeland Security Secretary?,2024-11-12T14:45:03Z,0,1,1
Will Trump nominate Tulsi Gabbard for Homeland Security Secretary?,2024-11-12T14:45:03Z,0,1,1
Will Trump nominate Chad Wolf for Homeland Security Secretary?,2024-11-12T14:45:03Z,0,1,1
Trump sentenced to prison in NY case before inauguration?,2024-11-12T12:30:18Z,0,1,1
Will Trump nominate Marco Rubio for Secretary of State?,2024-11-12T04:20:22Z,0,1,1
Will Trump nominate Mike Waltz for Secretary of State?,2024-11-12T04:20:22Z,0,1,1
Will Trump nominate Mike Waltz for Defense Secretary?,2024-11-12T04:20:22Z,0,1,1
Will Trump nominate Mark Morgan for Homeland Security Secretary?,2024-11-12T04:20:22Z,0,1,1
Will Trump nominate Chad Mizelle for Homeland Security Secretary?,2024-11-12T04:20:22Z,0,1,1
Will Trump nominate Christopher Miller for Defense Secretary?,2024-11-12T04:20:22Z,0,1,1
"Will Trump nominate Robert F. Kennedy, Jr. for Agriculture Secretary?",2024-11-12T04:20:22Z,0,1,1
Will Trump nominate Robert O'Brien for Secretary of State?,2024-11-12T04:20:22Z,0,1,1
Will Trump nominate Tulsi Gabbard for Homeland Security Secretary?,2024-11-12T04:20:22Z,0,1,1
Will Trump nominate Sid Miller for Agriculture Secretary?,2024-11-12T04:20:22Z,0,1,1
Will Trump nominate Steven Mnuchin for Treasury Secretary?,2024-11-12T04:20:22Z,0,1,1
Will Kamala Harris attend presidential inauguration?,2024-11-12T03:30:20Z,0,0,0
Will Trump nominate Marco Rubio for Secretary of State?,2024-11-12T01:42:01Z,0,1,1
Will Trump nominate Mike Waltz for Secretary of State?,2024-11-12T01:42:01Z,0,1,1
Will Trump nominate Thomas Homan for Homeland Security Secretary?,2024-11-12T00:00:37Z,0,1,1
Will Trump nominate Thomas Homan for Homeland Security Secretary?,2024-11-11T13:15:00Z,0,1,1
Will Trump nominate Thomas Homan for Homeland Security Secretary?,2024-11-11T11:45:02Z,0,1,1
Will Joe Biden attend presidential inauguration?,2024-11-10T16:00:28Z,0,0,0
GOP wins popular vote by 3-4%?,2024-11-10T10:00:00Z,0,1,1
GOP wins popular vote by 7% or more?,2024-11-10T10:00:00Z,0,0,1
GOP wins popular vote by 4-5%?,2024-11-10T10:00:00Z,0,0,0
GOP wins popular vote by 2-3%?,2024-11-10T10:00:00Z,0,1,1
GOP wins popular vote by 5-6%?,2024-11-10T10:00:00Z,0,0,0
GOP wins popular vote by 6-7%?,2024-11-10T10:00:00Z,0,0,0
GOP wins popular vote by 1-2%?,2024-11-10T10:00:00Z,0,0,0
GOP wins popular vote by 0-1%?,2024-11-10T10:00:00Z,0,1,1
Will Trump nominate Eric Schmitt for Attorney General?,2024-11-10T05:00:14Z,0,1,1
Will Joe Biden attend presidential inauguration?,2024-11-10T01:00:34Z,0,0,0
Will Trump nominate Chad Wolf for Homeland Security Secretary?,2024-11-10T00:00:36Z,0,1,1
Will Trump nominate Tulsi Gabbard for Homeland Security Secretary?,2024-11-09T12:45:00Z,0,1,1
Will Trump appoint Susie Wiles for White House Press Secretary?,2024-11-09T12:00:44Z,0,1,1
Will Trump appoint Kayleigh McEnany for White House Press Secretary?,2024-11-09T12:00:44Z,0,1,1
Will Trump appoint Susie Wiles for White House Press Secretary?,2024-11-08T19:15:02Z,0,1,1
Will Trump appoint Susie Wiles for White House Press Secretary?,2024-11-08T17:00:04Z,0,1,1
Will Trump appoint Kayleigh McEnany for White House Press Secretary?,2024-11-08T17:00:04Z,0,1,1
Will Trump appoint Susie Wiles for White House Press Secretary?,2024-11-08T11:45:04Z,0,1,1
Will Trump nominate Marco Rubio for Secretary of State?,2024-11-08T05:45:00Z,0,1,1
Will Trump appoint Susie Wiles for White House Press Secretary?,2024-11-08T04:00:23Z,0,1,1
Trump nominates Tulsi Gabbard to Cabinet?,2024-11-08T02:40:22Z,0,1,1
Trump nominates Tulsi Gabbard to Cabinet?,2024-11-07T21:45:02Z,0,1,1
Will Biden pardon Trump?,2024-11-07T13:30:27Z,0,1,1
Neither a Democrat nor a Republican wins popular vote?,2024-11-07T03:45:00Z,0,0,0
Will another state be the last state to be called by the AP?,2024-11-06T00:09:55Z,0,1,1
Trump nominates Elon Musk to Cabinet?,2024-11-02T20:00:06Z,0,1,1
Will Kamala Harris win the 2024 US Presidential Election?,2024-10-29T16:18:28Z,0,1,1
Kamala Harris wins the popular vote?,2024-10-29T16:18:28Z,0,0,1
Kamala flips a 2020 Trump state?,2024-10-29T16:18:28Z,0,1,1
Kamala Harris wins the popular vote?,2024-10-28T20:30:08Z,0,1,1
Will Michigan be the last state to be called by the AP?,2024-10-28T04:00:39Z,0,1,1
Kamala flips a 2020 Trump state?,2024-10-25T22:45:00Z,0,0,0
Kamala Harris wins the popular vote?,2024-10-25T09:00:01Z,0,0,0
Will Kamala Harris win the 2024 US Presidential Election?,2024-10-25T04:00:17Z,0,0,0
Will Biden pardon Trump?,2024-10-25T02:00:02Z,0,1,1
Will Trump win Florida by 8+ points?,2024-10-24T15:30:09Z,0,1,1
Will Trump drop out of presidential race?,2024-10-24T07:30:06Z,0,1,1
Will Kamala Harris win the 2024 US Presidential Election?,2024-10-24T01:13:43Z,0,1,0
Kamala Harris wins the popular vote?,2024-10-24T01:13:43Z,0,1,0
Will Trump win Florida by 8+ points?,2024-10-23T16:00:50Z,0,1,1
Will Trump win Texas by 10+ points?,2024-10-23T16:00:50Z,0,1,0
Will Ron DeSantis win the popular vote in the 2024 Presidential Election?,2024-10-23T16:00:50Z,0,0,0
Will Donald Trump win the popular vote in the 2024 Presidential Election?,2024-10-23T16:00:50Z,0,1,1
Will Donald Trump win the 2024 US Presidential Election?,2024-10-23T16:00:50Z,0,1,1
Kamala Harris wins the popular vote?,2024-10-22T14:30:22Z,0,1,1
Will Kamala Harris win the 2024 US Presidential Election?,2024-10-22T14:30:22Z,0,1,1
Trump gets more black voters than in 2020?,2024-10-22T13:45:03Z,0,0,0
Will Kamala Harris win the 2024 US Presidential Election?,2024-10-22T04:00:05Z,0,1,1
Kamala flips a 2020 Trump state?,2024-10-22T04:00:05Z,0,1,1
Will Kamala win New York by 10+ points?,2024-10-22T04:00:05Z,0,0,0
Trump gets more black voters than in 2020?,2024-10-20T22:30:00Z,0,0,0
Will Kamala Harris win the 2024 US Presidential Election?,2024-10-20T03:00:24Z,0,1,1
Kamala Harris wins the popular vote?,2024-10-20T03:00:24Z,0,0,1
Kamala flips a 2020 Trump state?,2024-10-20T03:00:24Z,0,1,1
Will Kamala Harris win the 2024 US Presidential Election?,2024-10-19T03:15:02Z,0,1,1
Kamala Harris wins the popular vote?,2024-10-19T03:15:02Z,0,1,1
Will Kamala Harris win the 2024 US Presidential Election?,2024-10-18T20:45:02Z,0,1,1
Kamala Harris wins the popular vote?,2024-10-18T20:45:02Z,0,1,1
Will Kamala Harris win the 2024 US Presidential Election?,2024-10-17T18:30:38Z,0,1,1
Kamala Harris wins the popular vote?,2024-10-17T18:30:38Z,0,0,1
Kamala flips a 2020 Trump state?,2024-10-17T18:30:38Z,0,0,0
Will Kamala Harris win the 2024 US Presidential Election?,2024-10-17T14:01:01Z,0,1,1
Kamala flips a 2020 Trump state?,2024-10-17T14:01:01Z,0,0,0
Kamala Harris wins the popular vote?,2024-10-16T21:00:00Z,0,1,1
Kamala Harris wins the popular vote?,2024-10-16T16:15:06Z,0,1,1
Kamala Harris wins the popular vote?,2024-10-16T09:30:02Z,0,1,1
Trump gets more black voters than in 2020?,2024-10-16T09:30:02Z,0,0,0
Kamala Harris wins the popular vote?,2024-10-16T01:15:00Z,0,1,1
Will Trump do a podcast with Hawk Tuah Girl?,2024-10-15T23:45:01Z,0,1,1
Trump flips Kamala on 538 before election?,2024-10-15T13:45:00Z,0,1,1
Will Kamala Harris win the 2024 US Presidential Election?,2024-10-15T02:30:29Z,0,1,1
Kamala Harris wins the popular vote?,2024-10-14T23:30:07Z,0,1,0
Will Kamala Harris win the 2024 US Presidential Election?,2024-10-14T19:00:23Z,0,0,1
Kamala flips a 2020 Trump state?,2024-10-14T19:00:23Z,0,1,0
Will Kamala Harris win the 2024 US Presidential Election?,2024-10-11T00:00:34Z,0,1,1
Kamala Harris wins the popular vote?,2024-10-11T00:00:34Z,0,0,0
Will any other Democratic Politician win the 2024 US Presidential Election?,2024-10-09T10:45:00Z,0,0,0
Will Kamala Harris win the 2024 US Presidential Election?,2024-10-09T10:45:00Z,0,1,1
Kamala Harris wins the popular vote?,2024-10-09T01:12:27Z,0,0,0
Will Kamala Harris win the 2024 US Presidential Election?,2024-10-09T01:12:27Z,0,1,1
Kamala flips a 2020 Trump state?,2024-10-09T01:12:27Z,0,1,1
Kamala Harris wins the popular vote?,2024-10-08T23:30:05Z,0,0,0
Will Kamala Harris win the 2024 US Presidential Election?,2024-10-08T23:30:05Z,0,1,1
Will Kamala Harris win the 2024 US Presidential Election?,2024-10-08T18:55:42Z,0,1,1
Trump nominates Tulsi Gabbard to Cabinet?,2024-10-08T16:45:00Z,0,1,1
Will Kamala Harris win the 2024 US Presidential Election?,2024-10-08T02:15:02Z,0,1,1
Kamala Harris wins the popular vote?,2024-10-08T02:15:02Z,0,0,0
Kamala Harris wins the popular vote?,2024-10-07T10:45:03Z,0,0,0
Will Kamala Harris win the 2024 US Presidential Election?,2024-10-07T10:45:03Z,0,1,1
Will Kamala Harris win the 2024 US Presidential Election?,2024-10-04T19:45:04Z,0,0,0
Kamala flips a 2020 Trump state?,2024-10-04T19:45:04Z,0,0,0
Trump election interference trial doesn't start before November?,2024-10-03T20:15:02Z,0,0,0
Trump conviction overturned before election?,2024-10-03T20:15:02Z,0,1,1
Will Trump lower automobile tariffs on Canada/Mexico by next Friday?,2025-03-06T18:35:02Z,0,0,0
Will Trump lower automobile tariffs on Canada/Mexico by next Friday?,2025-03-06T17:55:02Z,0,0,0
Will Trump lower automobile tariffs on Canada/Mexico by next Friday?,2025-03-06T15:49:43Z,0,0,0
Trump announces cutting all military aid to Ukraine aid before April?,2025-03-04T20:30:07Z,0,1,1
Will Trump meet with Keir Starmer in 2025?,2025-02-27T19:46:13Z,0,0,0
Will Trump meet with Zelenskyy before July?,2025-02-26T15:21:25Z,0,0,0
Bernie Sanders votes to confirm RFK Jr?,2025-02-13T17:23:14Z,0,1,1
Trump tariffs on Canada in effect by May 1?,2025-02-12T02:32:17Z,0,1,1
Will Trump remove tariff on Canada before March?,2025-02-12T02:32:17Z,0,1,1
Trump tariffs on Canada in effect by May 1?,2025-02-10T12:14:02Z,0,1,1
Will fewer than 50k federal employees accept the buyout?,2025-02-07T12:52:14Z,0,1,1
Will 50-100k federal employees accept the buyout?,2025-02-07T12:52:14Z,0,1,1
Will 500k or more federal employees accept the buyout?,2025-02-07T12:52:14Z,0,1,1
Will 250-300k federal employees accept the buyout?,2025-02-07T12:52:14Z,0,1,1
Will 300-350k federal employees accept the buyout?,2025-02-07T12:52:14Z,0,1,1
Will 150-200k federal employees accept the buyout?,2025-02-07T12:52:14Z,0,1,1
Will 200-250k federal employees accept the buyout?,2025-02-07T12:52:14Z,0,1,1
Will 100-150k federal employees accept the buyout?,2025-02-07T12:52:14Z,0,1,1
Will 350-400k federal employees accept the buyout?,2025-02-07T12:52:14Z,0,1,1
Will 450-500k federal employees accept the buyout?,2025-02-07T12:52:14Z,0,1,1
Will 400-450k federal employees accept the buyout?,2025-02-07T12:52:14Z,0,1,1
Will Trump remove tariff on China before March?,2025-02-04T12:52:55Z,0,1,1
Will Trump increase tariffs on China before May?,2025-02-04T12:52:55Z,0,1,1
Trump tariffs on Mexico in effect by May 1?,2025-02-04T12:52:55Z,0,1,1
Trump tariffs on Canada in effect by May 1?,2025-02-04T12:52:55Z,0,1,1
Will Trump remove tariff on Canada before March?,2025-02-03T20:12:01Z,0,1,1
Will Trump remove tariff on Mexico before March?,2025-02-03T19:34:12Z,0,1,1
Will Trump remove tariff on Mexico before March?,2025-02-03T16:37:31Z,0,1,1
Will Trump remove tariff on Canada before March?,2025-02-03T16:37:31Z,0,1,1
Will Trump remove tariff on Canada before March?,2025-02-03T15:47:04Z,0,1,1
Will Trump increase tariffs on China before May?,2025-02-03T15:47:04Z,0,1,1
Will Trump remove tariff on Mexico before March?,2025-02-03T15:47:04Z,0,1,1
Will Trump remove tariff on Canada before March?,2025-02-03T12:23:25Z,0,1,1
Will Trump remove tariff on Canada before March?,2025-02-03T00:52:12Z,0,1,1
Will Trump remove tariff on China before March?,2025-02-03T00:52:12Z,0,1,1
Will Trump increase tariffs on China before May?,2025-02-03T00:52:12Z,0,1,1
Will Trump remove tariff on Mexico before March?,2025-02-03T00:52:12Z,0,1,1
Will Trump impose tariffs on Mexico before March?,2025-01-31T21:58:11Z,0,1,0
Trump imposes 25% tariff on Canada and Mexico before March?,2025-01-31T21:58:11Z,0,1,1
Will Trump impose tariffs on Canada before March?,2025-01-31T21:58:11Z,0,1,0
Will Tulsi Gabbard be Trump’s Director of National Intelligence?,2025-01-30T23:25:25Z,0,1,1
Tulsi Gabbard confirmed as Director of National Intelligence?,2025-01-30T23:25:25Z,0,1,1
Will Joni Ernst vote to confirm Tulsi Gabbard Jr. as Director of National Intelligence?,2025-01-30T23:25:25Z,0,1,1
Will Bill Cassidy vote to confirm Tulsi Gabbard Jr. as Director of National Intelligence?,2025-01-30T23:25:25Z,0,1,1
Will Cynthia Lummis vote to confirm Tulsi Gabbard Jr. as Director of National Intelligence?,2025-01-30T23:25:25Z,0,1,1
Will John Fetterman vote to confirm Tulsi Gabbard Jr. as Director of National Intelligence?,2025-01-30T23:25:25Z,0,1,1
Will Mitch McConnell vote to confirm Tulsi Gabbard Jr. as Director of National Intelligence?,2025-01-30T23:25:25Z,0,1,1
Will Susan Collins vote to confirm Tulsi Gabbard Jr. as Director of National Intelligence?,2025-01-30T23:25:25Z,0,1,1
Will John Curtis vote to confirm Tulsi Gabbard Jr. as Director of National Intelligence?,2025-01-30T23:25:25Z,0,1,1
Will Lisa Murkowski  vote to confirm Tulsi Gabbard Jr. as Director of National Intelligence?,2025-01-30T23:25:25Z,0,1,1
Trump imposes 25% tariff on Canada and Mexico before March?,2025-01-26T21:45:53Z,0,1,1
Will Lisa Murkowski vote to confirm Pete Hegseth as Secretary of Defense?,2025-01-23T19:23:55Z,0,1,1
Trump ends Gaza war in first 100 days?,2025-01-15T19:40:07Z,0,1,1
Will Pete Hegseth be Trump's Defense Secretary?,2025-01-14T21:18:14Z,0,1,1
Pete Hegseth confirmed as Secretary of Defense?,2025-01-14T21:18:14Z,0,1,0
Will Mark Zuckerberg attend presidential inauguration?,2025-01-12T01:06:40Z,0,1,1
Will Biden pardon Trump?,2025-01-07T00:15:58Z,0,1,1
Will Biden issue more pardons than Trump?,2025-01-07T00:15:58Z,0,0,0
Trump sentenced to prison in NY case before inauguration?,2025-01-04T12:01:11Z,0,1,1
Trump sentenced to prison in NY case before inauguration?,2025-01-03T23:52:25Z,0,1,1
Will Matt Gaetz be Trump's Attorney General?,2024-12-23T18:24:57Z,0,1,1
Trump deportation executive order on Day 1?,2024-12-22T23:11:41Z,0,0,1
Trump deportation executive order in first 100 days?,2024-12-22T23:11:41Z,0,0,0
RFK Jr. confirmed as Health & Human Services Secretary?,2024-12-14T13:00:40Z,0,0,0
Will Xi Jinping attend presidential inauguration?,2024-12-13T18:36:15Z,0,1,1
Kristi Noem confirmed as Secretary of Homeland Security?,2024-12-13T15:32:58Z,0,0,0
Will Trump pardon a January 6 protestor in his first 100 days?,2024-12-09T12:54:59Z,0,1,0
Will Biden pardon Trump?,2024-12-09T12:54:59Z,0,1,1
Will Trump pardon Ross Ulbricht in his first 100 days?,2024-12-09T12:54:59Z,0,0,1
Will Kash Patel be Trump's FBI director?,2024-12-05T17:00:20Z,0,1,0
Will Biden pardon Trump?,2024-12-02T18:29:19Z,0,1,1
Will Biden pardon Trump?,2024-12-02T13:58:55Z,0,1,1
Will Biden pardon Trump?,2024-12-02T12:31:57Z,0,1,1
Will Biden pardon Trump?,2024-12-02T01:35:27Z,0,1,1
Trump nominates Elon Musk to Cabinet?,2024-11-29T18:11:55Z,0,1,1
Will Trump impose 25% tariff on Mexico or Canada before February?,2024-11-27T02:30:36Z,0,1,1
Will Matt Gaetz be Trump's Attorney General?,2024-11-22T17:37:36Z,0,1,1
Elon Musk out as Head of DOGE before July?,2024-11-22T13:06:08Z,0,1,1
Will Matt Gaetz be Trump's Attorney General?,2024-11-22T12:27:20Z,0,1,1
Will Matt Gaetz be Trump's Attorney General?,2024-11-22T00:59:47Z,0,1,1
Will Matt Gaetz be Trump's Attorney General?,2024-11-21T20:55:59Z,0,1,1
Tulsi Gabbard confirmed as Director of National Intelligence?,2024-11-21T12:55:11Z,0,1,1
Will Trump formally nominate Tulsi Gabbard to the cabinet?,2024-11-21T12:55:11Z,0,1,1
Will Mike Davis be Trump's Attorney General?,2024-11-20T14:33:24Z,0,1,1
Will Matt Gaetz be Trump's Attorney General?,2024-11-20T00:10:06Z,0,1,1
Matt Gaetz confirmed as Attorney General?,2024-11-20T00:10:06Z,0,0,0
Will Matt Gaetz be Trump's Attorney General?,2024-11-19T20:15:02Z,0,1,1
Will Matthew Whitaker be Trump's Attorney General?,2024-11-19T20:15:02Z,0,1,1
Matt Gaetz confirmed as Attorney General?,2024-11-19T20:15:02Z,0,1,1
Will Ken Paxton be Trump's Attorney General?,2024-11-19T20:15:02Z,0,1,1
Will Trump use a recess appointment for Matt Gaetz?,2024-11-19T20:15:02Z,0,1,1
Will Mike Davis be Trump's Attorney General?,2024-11-19T20:15:02Z,0,1,1
Trump nominates Elon Musk to Cabinet?,2024-11-18T16:05:43Z,0,0,1
Will Pete Hegseth be Trump's Defense Secretary?,2024-11-18T01:20:48Z,0,1,1
Pete Hegseth confirmed as Secretary of Defense?,2024-11-18T01:20:48Z,0,1,1
Will Matt Gaetz be Trump's Attorney General?,2024-11-17T01:45:02Z,0,1,1
Matt Gaetz confirmed as Attorney General?,2024-11-17T01:45:02Z,0,1,1
Will Pete Hegseth be Trump's Defense Secretary?,2024-12-08T00:00:00Z,0,1,1
Will Trump meet with Benjamin Netanyahu in his first 100 days?,2025-02-02T00:00:00Z,0,0,0
RFK Jr. confirmed as Health & Human Services Secretary?,2025-02-13T00:00:00Z,0,0,0
Tulsi Gabbard confirmed as Director of National Intelligence?,2025-02-12T00:00:00Z,0,0,0
Will Tulsi Gabbard be Trump’s Director of National Intelligence?,2025-02-12T00:00:00Z,0,0,0
Will Joni Ernst vote to confirm Tulsi Gabbard Jr. as Director of National Intelligence?,2025-02-12T00:00:00Z,0,0,0
Will Susan Collins vote to confirm Tulsi Gabbard Jr. as Director of National Intelligence?,2025-02-12T00:00:00Z,0,0,0
Will Cynthia Lummis vote to confirm Tulsi Gabbard Jr. as Director of National Intelligence?,2025-02-12T00:00:00Z,0,0,0
Will Bill Cassidy vote to confirm Tulsi Gabbard Jr. as Director of National Intelligence?,2025-02-12T00:00:00Z,0,0,0
Will Mitch McConnell vote to confirm Tulsi Gabbard Jr. as Director of National Intelligence?,2025-02-12T00:00:00Z,0,0,0
Will John Fetterman vote to confirm Tulsi Gabbard Jr. as Director of National Intelligence?,2025-02-12T00:00:00Z,0,0,0
Will Lisa Murkowski  vote to confirm Tulsi Gabbard Jr. as Director of National Intelligence?,2025-02-12T00:00:00Z,0,0,0
Will John Curtis vote to confirm Tulsi Gabbard Jr. as Director of National Intelligence?,2025-02-12T00:00:00Z,0,0,0
Will Trump meet with Keir Starmer in his first 100 days?,2025-02-27T00:00:00Z,0,0,0
Will Trump meet with Keir Starmer in 2025?,2025-02-27T00:00:00Z,0,0,0
Will Trump meet with Narendra Modi in his first 100 days?,2025-02-13T00:00:00Z,0,0,0
Chris Wright confirmed as Secretary of Energy?,2025-02-04T00:00:00Z,0,0,0
Will Trump pardon a January 6 protestor in his first 100 days?,2025-01-20T00:00:00Z,0,0,0
Will Trump impose tariffs on Mexico before March?,2025-01-31T00:00:00Z,0,1,1
Will Trump impose tariffs on Canada before March?,2025-01-31T00:00:00Z,0,1,1
Trump imposes 25% tariff on Canada and Mexico before March?,2025-01-31T00:00:00Z,0,1,1
Will Trump impose tariffs on China before March?,2025-01-31T00:00:00Z,0,1,1
Will Trump impose tariffs on Taiwan before March?,2025-01-31T00:00:00Z,0,1,1
Trump transgender sports ban?,2025-02-05T00:00:00Z,0,0,0
Pam Bondi confirmed as Attorney General?,2025-02-05T00:00:00Z,0,0,0
Will Pam Bondi be Trump's Attorney General?,2025-02-05T00:00:00Z,0,0,0
Kamala flips a 2020 Trump state?,2024-10-13T00:00:00Z,0,1,0
